<?xml version="1.0" encoding="UTF-8"?>
<beans xmlns="http://www.springframework.org/schema/beans"
	xmlns:xsi="http://www.w3.org/2001/XMLSchema-instance"
	xsi:schemaLocation="http://www.springframework.org/schema/beans http://www.springframework.org/schema/beans/spring-beans.xsd">

	<!-- Root Context: defines shared resources visible to all other web components -->

	<bean id="dataSource"
		class="org.springframework.jdbc.datasource.DriverManagerDataSource">
		<property name="driverClassName" value="com.mysql.jdbc.Driver"></property>
		<property name="url" value="jdbc:mysql://localhost:3306/matchingme1?createDatabaseIfNotExist=true&amp;autoReconnect=true&amp;useSSL=false"></property>
		<property name="username" value="root"></property>
		<property name="password" value=""></property>
	</bean>
	
	<bean id="sessionFactory"
		class="org.springframework.orm.hibernate5.LocalSessionFactoryBean">
		<property name="dataSource" ref="dataSource"></property>
		<property name="hibernateProperties">
			<props>
				<prop key="hibernate.show_sql">true</prop>
				<prop key="hibernate.dialect">org.hibernate.dialect.MySQLDialect</prop>
				<prop key="hibernate.hbm2ddl.auto">update</prop>
			</props>
		</property>
		<property name="annotatedClasses">
			<list>
				<value>com.nttduong.matchingme.model.User</value>
				<value>com.nttduong.matchingme.model.Post</value>
				<value>com.nttduong.matchingme.model.MailBox</value>
				<value>com.nttduong.matchingme.model.Feedback</value>
			</list>
		</property>
	</bean>
	
	<bean id="transactionManager"
		class="org.springframework.orm.hibernate5.HibernateTransactionManager">
		<property name="sessionFactory" ref="sessionFactory" />
	</bean>
	<!-- Connect database USER  -->
	<bean id="userDao" class="com.nttduong.matchingme.dao.UserDaoImpl">
		<property name="sessionFactory" >
			<ref bean = "sessionFactory" />
		</property>
	</bean>
	<bean id="userService" class="com.nttduong.matchingme.service.UserServiceImpl">
		<property name="userDao">
			<ref bean = "userDao" />
		</property>
	</bean> 
	
	<!-- Connect database PROVINCE  -->
	<bean id="provinceDao" class="com.nttduong.matchingme.dao.ProvinceDao">
		<property name="sessionFactory" >
			<ref bean = "sessionFactory" />
		</property>
	</bean>
	<bean id="provinceService" class="com.nttduong.matchingme.service.ProvinceService">
		<property name="provinceDao">
			<ref bean = "provinceDao" />
		</property>
	</bean> 
	
	<!-- Connect database POST  -->
	<bean id="postDao" class="com.nttduong.matchingme.dao.PostDaoImpl">
		<property name="sessionFactory" >
			<ref bean = "sessionFactory" />
		</property>
	</bean>
	<bean id="postService" class="com.nttduong.matchingme.service.PostServiceImpl">
		<property name="postDao">
			<ref bean = "postDao" />
		</property>
	</bean>
	
	<!-- Connect database MAILBOX  -->
	<bean id="mailBoxDao" class="com.nttduong.matchingme.dao.MailBoxImpl">
		<property name="sessionFactory" >
			<ref bean = "sessionFactory" />
		</property>
	</bean>
	<bean id="mailService" class="com.nttduong.matchingme.service.MailBoxServiceImpl">
		<property name="mailBoxDao">
			<ref bean = "mailBoxDao" />
		</property>
	</bean>
	
	
</beans>