<?xml version="1.0" encoding="UTF-8"?>
<beans:beans
	xmlns="http://www.springframework.org/schema/security"
	xmlns:xsi="http://www.w3.org/2001/XMLSchema-instance"
	xmlns:beans="http://www.springframework.org/schema/beans"
	xsi:schemaLocation="http://www.springframework.org/schema/beans http://www.springframework.org/schema/beans/spring-beans.xsd
    http://www.springframework.org/schema/security http://www.springframework.org/schema/security/spring-security.xsd">

	<http auto-config="true" use-expressions="true">
		<csrf disabled="true" />
		<intercept-url pattern="/" access="permitAll()" />
		<intercept-url pattern="/login" access="permitAll()" />
		<intercept-url pattern="/logout" access="permitAll()" />

		<intercept-url pattern="/admin/**"
			access="hasRole('ROLE_ADMIN')" />			
		<intercept-url pattern="/admin/list"
			access="hasRole('ROLE_ADMIN')" />	
		<intercept-url pattern="/tutor"
			access="hasRole('ROLE_TUTOR')" />
		<intercept-url pattern="/host"
			access="hasRole('ROLE_HOST')" />
			
		<intercept-url pattern="/profile"
			access="permitAll()" />	

		<intercept-url pattern="/other/**"
			access="isAuthenticated()" />

		<access-denied-handler error-page="/403" />

		<form-login always-use-default-target="false"
			login-page="/login" login-processing-url="/j_spring_security_login"
			default-target-url="/host"
			authentication-success-handler-ref="myAuthenticationSuccessHandler"
			authentication-failure-url="/login?error=1"
			username-parameter="username" password-parameter="password" />

		<logout logout-url="/logout"
			logout-success-url="/logoutSuccessful" delete-cookies="JSESSIONID"
			invalidate-session="true" />

	</http>

	<beans:bean id="myAuthenticationSuccessHandler"
		class="com.nttduong.matchingme.security.MySimpleUrlAuthenticationSuccessHandler" />

	<authentication-manager>
		<authentication-provider>
			<user-service>
				<user name="user1" password="12345" authorities="ROLE_TUTOR" />
				<user name="admin1" password="12345" authorities="ROLE_ADMIN" />
			</user-service>
		</authentication-provider>


		<authentication-provider
			user-service-ref="userService">
			<!-- <password-encoder ref="encoder" /> -->
		</authentication-provider>

	</authentication-manager>



</beans:beans>

<!-- authentication from database JDBC MYSQL -->
<!-- <authentication-provider> -->
<!-- <jdbc-user-service data-source-ref="dataSource" -->
<!-- users-by-username-query="Select * from user WHERE username=?" -->
<!-- authorities-by-username-query="Select username, Id_right from user where 
	username=?" /> -->
<!-- <password-encoder hash="bcrypt"/> -->
<!-- </authentication-provider> -->
<!-- <beans:bean id="encoder" -->
<!-- class="org.springframework.security.crypto.bcrypt.BCryptPasswordEncoder"> -->
<!-- <beans:constructor-arg name="strength" value="11" /> -->
<!-- </beans:bean> -->